Workbook
Name x_s1_c1: 'Sensor 1'!$CF$5:$CF$16
Name x_s1_c10: 'Sensor 1'!$AM$5:$AM$16
Name x_s1_c11: 'Sensor 1'!$AH$5:$AH$16
Name x_s1_c12: 'Sensor 1'!$AC$5:$AC$15
Name x_s1_c2: 'Sensor 1'!$CA$5:$CA$16
Name x_s1_c3: 'Sensor 1'!$BV$5:$BV$15
Name x_s1_c4: 'Sensor 1'!$BQ$5:$BQ$15
Name x_s1_c5: 'Sensor 1'!$BL$5:$BL$16
Name x_s1_c6: 'Sensor 1'!$BG$5:$BG$16
Name x_s1_c7: 'Sensor 1'!$BB$5:$BB$16
Name x_s1_c8: 'Sensor 1'!$AW$5:$AW$16
Name x_s1_c9: 'Sensor 1'!$AR$5:$AR$16
Name x_s2_c1: 'Sensor 2'!$CF$5:$CF$12
Name x_s2_c10: 'Sensor 2'!$AM$5:$AM$12
Name x_s2_c11: 'Sensor 2'!$AH$5:$AH$12
Name x_s2_c12: 'Sensor 2'!$AC$5:$AC$13
Name x_s2_c2: 'Sensor 2'!$CA$5:$CA$12
Name x_s2_c3: 'Sensor 2'!$BV$5:$BV$12
Name x_s2_c4: 'Sensor 2'!$BQ$5:$BQ$12
Name x_s2_c5: 'Sensor 2'!$BL$5:$BL$12
Name x_s2_c6: 'Sensor 2'!$BG$5:$BG$12
Name x_s2_c7: 'Sensor 2'!$BB$5:$BB$11
Name x_s2_c8: 'Sensor 2'!$AW$5:$AW$11
Name x_s2_c9: 'Sensor 2'!$AR$5:$AR$12
Name x_s3_c1: 'Sensor 3'!$BS$5:$BS$11
Name x_s3_c10: 'Sensor 3'!$AI$5:$AI$11
Name x_s3_c11: 'Sensor 3'!$AE$5:$AE$11
Name x_s3_c12: 'Sensor 3'!$AA$5:$AA$12
Name x_s3_c2: 'Sensor 3'!$BO$5:$BO$11
Name x_s3_c3: 'Sensor 3'!$BK$5:$BK$11
Name x_s3_c4: 'Sensor 3'!$BG$5:$BG$10
Name x_s3_c5: 'Sensor 3'!$BC$5:$BC$10
Name x_s3_c6: 'Sensor 3'!$AY$5:$AY$11
Name x_s3_c7: 'Sensor 3'!$AU$5:$AU$11
Name x_s3_c8: 'Sensor 3'!$AQ$5:$AQ$11
Name x_s3_c9: 'Sensor 3'!$AM$5:$AM$11
Name x_s4_c1: 'Sensor 4'!$BS$5:$BS$12
Name x_s4_c10: 'Sensor 4'!$AI$5:$AI$11
Name x_s4_c11: 'Sensor 4'!$AE$5:$AE$12
Name x_s4_c12: 'Sensor 4'!$AA$5:$AA$13
Name x_s4_c2: 'Sensor 4'!$BO$5:$BO$12
Name x_s4_c3: 'Sensor 4'!$BK$5:$BK$12
Name x_s4_c4: 'Sensor 4'!$BG$5:$BG$12
Name x_s4_c5: 'Sensor 4'!$BC$5:$BC$12
Name x_s4_c6: 'Sensor 4'!$AY$5:$AY$12
Name x_s4_c7: 'Sensor 4'!$AU$5:$AU$11
Name x_s4_c8: 'Sensor 4'!$AQ$5:$AQ$11
Name x_s4_c9: 'Sensor 4'!$AM$5:$AM$11
Name x_s5_c1: 'Sensor 5'!$BS$5:$BS$11
Name x_s5_c10: 'Sensor 5'!$AI$5:$AI$11
Name x_s5_c11: 'Sensor 5'!$AE$5:$AE$11
Name x_s5_c12: 'Sensor 5'!$AA$5:$AA$11
Name x_s5_c2: 'Sensor 5'!$BO$5:$BO$11
Name x_s5_c3: 'Sensor 5'!$BK$5:$BK$11
Name x_s5_c4: 'Sensor 5'!$BG$5:$BG$11
Name x_s5_c5: 'Sensor 5'!$BC$5:$BC$11
Name x_s5_c6: 'Sensor 5'!$AY$5:$AY$11
Name x_s5_c7: 'Sensor 5'!$AU$5:$AU$11
Name x_s5_c8: 'Sensor 5'!$AQ$5:$AQ$11
Name x_s5_c9: 'Sensor 5'!$AM$5:$AM$11

Sheet raw_data
A1: Timestamp | B1: Sensor | C1: Column | D1: X | E1: Y | F1: Z

Sheet Sensor 1
AA1: Z | AB1: Sensor | AC1: Column | AF1: Z | AG1: Sensor | AH1: Column | AK1: Z | AL1: Sensor | AM1: Column | AP1: Z | AQ1: Sensor | AR1: Column | AU1: Z | AV1: Sensor | AW1: Column | AZ1: Z | BA1: Sensor | BB1: Column | BE1: Z | BF1: Sensor | BG1: Column | BJ1: Z | BK1: Sensor | BL1: Column | BO1: Z | BP1: Sensor | BQ1: Column | BT1: Z | BU1: Sensor | BV1: Column | BY1: Z | BZ1: Sensor | CA1: Column | CD1: Z | CE1: Sensor | CF1: Column
R2: X | S2: Y | AA2: >=6.5 | AB2: 0 | AC2: 11 | AF2: >=6.5 | AG2: 0 | AH2: 10 | AK2: >=6.5 | AL2: 0 | AM2: 9 | AP2: >=6.5 | AQ2: 0 | AR2: 8 | AU2: >=6.5 | AV2: 0 | AW2: 7 | AZ2: >=6.5 | BA2: 0 | BB2: 6 | BE2: >=6.5 | BF2: 0 | BG2: 5 | BJ2: >=6.5 | BK2: 0 | BL2: 4 | BO2: >=6.5 | BP2: 0 | BQ2: 3 | BT2: >=6.5 | BU2: 0 | BV2: 2 | BY2: >=6.5 | BZ2: 0 | CA2: 1 | CD2: >=6.5 | CE2: 0 | CF2: 0
R3: =B12 -> #VALUE! | S3: -99
R4: =B25 -> #VALUE! | S4: -90 | AA4: Sensor | AB4: Column | AC4: X | AD4: Z | AF4: Sensor | AG4: Column | AH4: X | AI4: Z | AK4: Sensor | AL4: Column | AM4: X | AN4: Z | AP4: Sensor | AQ4: Column | AR4: X | AS4: Z | AU4: Sensor | AV4: Column | AW4: X | AX4: Z | AZ4: Sensor | BA4: Column | BB4: X | BC4: Z | BE4: Sensor | BF4: Column | BG4: X | BH4: Z | BJ4: Sensor | BK4: Column | BL4: X | BM4: Z | BO4: Sensor | BP4: Column | BQ4: X | BR4: Z | BT4: Sensor | BU4: Column | BV4: X | BW4: Z | BY4: Sensor | BZ4: Column | CA4: X | CB4: Z | CD4: Sensor | CE4: Column | CF4: X | CG4: Z
R5: =B38 -> #VALUE! | S5: -81
R6: =F12 -> #VALUE! | S6: -72
R7: =F25 -> #VALUE! | S7: -63
R8: =F38 -> #VALUE! | S8: -54
R9: =J12 -> #VALUE! | S9: -45
R10: =J25 -> #VALUE! | S10: -36
B11: =INDEX(LINEST([0]!y_s1_c12,[0]!x_s1_c12^{1,2}),1) -> #VALUE! | C11: =INDEX(LINEST([0]!y_s1_c12,[0]!x_s1_c12^{1,2}),1,2) -> #VALUE! | F11: =INDEX(LINEST([0]!y_s1_c9,[0]!x_s1_c9^{1,2}),1) -> #VALUE! | G11: =INDEX(LINEST([0]!y_s1_c9,[0]!x_s1_c9^{1,2}),1,2) -> #VALUE! | J11: =INDEX(LINEST([0]!y_s1_c6,[0]!x_s1_c6^{1,2}),1) -> #VALUE! | K11: =INDEX(LINEST([0]!y_s1_c6,[0]!x_s1_c6^{1,2}),1,2) -> #VALUE! | N11: =INDEX(LINEST([0]!y_s1_c3,[0]!x_s1_c3^{1,2}),1) -> #VALUE! | O11: =INDEX(LINEST([0]!y_s1_c3,[0]!x_s1_c3^{1,2}),1,2) -> #VALUE! | R11: =J38 -> #VALUE! | S11: -27
A12: X Maxima | B12: =-C11/(2*B11) -> #VALUE! | E12: X Maxima | F12: =-G11/(2*F11) -> #VALUE! | I12: X Maxima | J12: =-K11/(2*J11) -> #VALUE! | M12: X Maxima | N12: =-O11/(2*N11) -> #VALUE! | R12: =N12 -> #VALUE! | S12: -18
R13: =N25 -> #VALUE! | S13: -9
R14: =N38 -> #VALUE! | S14: 0
R17: slope | S17: =SLOPE(R3:R14,S3:S14) -> #VALUE! | U17: atan | V17: =(180 * ATAN(S17) / PI()) -> #VALUE! | W17: degrees
R18: intercept | S18: =INTERCEPT(R3:R14,S3:S14) -> #VALUE!
B24: =INDEX(LINEST([0]!y_s1_c11,[0]!x_s1_c11^{1,2}),1) -> #VALUE! | C24: =INDEX(LINEST([0]!y_s1_c11,[0]!x_s1_c11^{1,2}),1,2) -> #VALUE! | F24: =INDEX(LINEST([0]!y_s1_c8,[0]!x_s1_c8^{1,2}),1) -> #VALUE! | G24: =INDEX(LINEST([0]!y_s1_c8,[0]!x_s1_c8^{1,2}),1,2) -> #VALUE! | J24: =INDEX(LINEST([0]!y_s1_c5,[0]!x_s1_c5^{1,2}),1) -> #VALUE! | K24: =INDEX(LINEST([0]!y_s1_c5,[0]!x_s1_c5^{1,2}),1,2) -> #VALUE! | N24: =INDEX(LINEST([0]!y_s1_c2,[0]!x_s1_c2^{1,2}),1) -> #VALUE! | O24: =INDEX(LINEST([0]!y_s1_c2,[0]!x_s1_c2^{1,2}),1,2) -> #VALUE!
A25: X Maxima | B25: =-C24/(2*B24) -> #VALUE! | E25: X Maxima | F25: =-G24/(2*F24) -> #VALUE! | I25: X Maxima | J25: =-K24/(2*J24) -> #VALUE! | M25: X Maxima | N25: =-O24/(2*N24) -> #VALUE!
B37: =INDEX(LINEST([0]!y_s1_c10,[0]!x_s1_c10^{1,2}),1) -> #VALUE! | C37: =INDEX(LINEST([0]!y_s1_c10,[0]!x_s1_c10^{1,2}),1,2) -> #VALUE! | F37: =INDEX(LINEST([0]!y_s1_c7,[0]!x_s1_c7^{1,2}),1) -> #VALUE! | G37: =INDEX(LINEST([0]!y_s1_c7,[0]!x_s1_c7^{1,2}),1,2) -> #VALUE! | J37: =INDEX(LINEST([0]!y_s1_c4,[0]!x_s1_c4^{1,2}),1) -> #VALUE! | K37: =INDEX(LINEST([0]!y_s1_c4,[0]!x_s1_c4^{1,2}),1,2) -> #VALUE! | N37: =INDEX(LINEST([0]!y_s1_c1,[0]!x_s1_c1^{1,2}),1) -> #VALUE! | O37: =INDEX(LINEST([0]!y_s1_c1,[0]!x_s1_c1^{1,2}),1,2) -> #VALUE!
A38: X Maxima | B38: =-C37/(2*B37) -> #VALUE! | E38: X Maxima | F38: =-G37/(2*F37) -> #VALUE! | I38: X Maxima | J38: =-K37/(2*J37) -> #VALUE! | M38: X Maxima | N38: =-O37/(2*N37) -> #VALUE!

Sheet Sensor 2
AA1: Z | AB1: Sensor | AC1: Column | AF1: Z | AG1: Sensor | AH1: Column | AK1: Z | AL1: Sensor | AM1: Column | AP1: Z | AQ1: Sensor | AR1: Column | AU1: Z | AV1: Sensor | AW1: Column | AZ1: Z | BA1: Sensor | BB1: Column | BE1: Z | BF1: Sensor | BG1: Column | BJ1: Z | BK1: Sensor | BL1: Column | BO1: Z | BP1: Sensor | BQ1: Column | BT1: Z | BU1: Sensor | BV1: Column | BY1: Z | BZ1: Sensor | CA1: Column | CD1: Z | CE1: Sensor | CF1: Column
R2: X | S2: Y | AA2: >=6.5 | AB2: 1 | AC2: 11 | AF2: >=6.5 | AG2: 1 | AH2: 10 | AK2: >=6.5 | AL2: 1 | AM2: 9 | AP2: >=6.5 | AQ2: 1 | AR2: 8 | AU2: >=6.5 | AV2: 1 | AW2: 7 | AZ2: >=6.5 | BA2: 1 | BB2: 6 | BE2: >=6.5 | BF2: 1 | BG2: 5 | BJ2: >=6.5 | BK2: 1 | BL2: 4 | BO2: >=6.5 | BP2: 1 | BQ2: 3 | BT2: >=6.5 | BU2: 1 | BV2: 2 | BY2: >=6.5 | BZ2: 1 | CA2: 1 | CD2: >=6.5 | CE2: 1 | CF2: 0
R3: =B12 -> #VALUE! | S3: -99
R4: =B25 -> #VALUE! | S4: -90 | AA4: Sensor | AB4: Column | AC4: X | AD4: Z | AF4: Sensor | AG4: Column | AH4: X | AI4: Z | AK4: Sensor | AL4: Column | AM4: X | AN4: Z | AP4: Sensor | AQ4: Column | AR4: X | AS4: Z | AU4: Sensor | AV4: Column | AW4: X | AX4: Z | AZ4: Sensor | BA4: Column | BB4: X | BC4: Z | BE4: Sensor | BF4: Column | BG4: X | BH4: Z | BJ4: Sensor | BK4: Column | BL4: X | BM4: Z | BO4: Sensor | BP4: Column | BQ4: X | BR4: Z | BT4: Sensor | BU4: Column | BV4: X | BW4: Z | BY4: Sensor | BZ4: Column | CA4: X | CB4: Z | CD4: Sensor | CE4: Column | CF4: X | CG4: Z
R5: =B38 -> #VALUE! | S5: -81
R6: =F12 -> #VALUE! | S6: -72
R7: =F25 -> #VALUE! | S7: -63
R8: =F38 -> #VALUE! | S8: -54
R9: =J12 -> #VALUE! | S9: -45
R10: =J25 -> #VALUE! | S10: -36
B11: =INDEX(LINEST([0]!y_s2_c12,[0]!x_s2_c12^{1,2}),1) -> #VALUE! | C11: =INDEX(LINEST([0]!y_s2_c12,[0]!x_s2_c12^{1,2}),1,2) -> #VALUE! | F11: =INDEX(LINEST([0]!y_s2_c9,[0]!x_s2_c9^{1,2}),1) -> #VALUE! | G11: =INDEX(LINEST([0]!y_s2_c9,[0]!x_s2_c9^{1,2}),1,2) -> #VALUE! | J11: =INDEX(LINEST([0]!y_s2_c6,[0]!x_s2_c6^{1,2}),1) -> #VALUE! | K11: =INDEX(LINEST([0]!y_s2_c6,[0]!x_s2_c6^{1,2}),1,2) -> #VALUE! | N11: =INDEX(LINEST([0]!y_s2_c3,[0]!x_s2_c3^{1,2}),1) -> #VALUE! | O11: =INDEX(LINEST([0]!y_s2_c3,[0]!x_s2_c3^{1,2}),1,2) -> #VALUE! | R11: =J38 -> #VALUE! | S11: -27
A12: X Maxima | B12: =-C11/(2*B11) -> #VALUE! | E12: X Maxima | F12: =-G11/(2*F11) -> #VALUE! | I12: X Maxima | J12: =-K11/(2*J11) -> #VALUE! | M12: X Maxima | N12: =-O11/(2*N11) -> #VALUE! | R12: =N12 -> #VALUE! | S12: -18
R13: =N25 -> #VALUE! | S13: -9
R14: =N38 -> #VALUE! | S14: 0
R17: slope | S17: =SLOPE(R3:R14,S3:S14) -> #VALUE! | U17: atan | V17: =(180*ATAN(S17)/PI()) -> #VALUE! | W17: degrees
R18: intercept | S18: =INTERCEPT(R3:R14,S3:S14) -> #VALUE!
B24: =INDEX(LINEST([0]!y_s2_c11,[0]!x_s2_c11^{1,2}),1) -> #VALUE! | C24: =INDEX(LINEST([0]!y_s2_c11,[0]!x_s2_c11^{1,2}),1,2) -> #VALUE! | F24: =INDEX(LINEST([0]!y_s2_c8,[0]!x_s2_c8^{1,2}),1) -> #VALUE! | G24: =INDEX(LINEST([0]!y_s2_c8,[0]!x_s2_c8^{1,2}),1,2) -> #VALUE! | J24: =INDEX(LINEST([0]!y_s2_c5,[0]!x_s2_c5^{1,2}),1) -> #VALUE! | K24: =INDEX(LINEST([0]!y_s2_c5,[0]!x_s2_c5^{1,2}),1,2) -> #VALUE! | N24: =INDEX(LINEST([0]!y_s2_c2,[0]!x_s2_c2^{1,2}),1) -> #VALUE! | O24: =INDEX(LINEST([0]!y_s2_c2,[0]!x_s2_c2^{1,2}),1,2) -> #VALUE!
A25: X Maxima | B25: =-C24/(2*B24) -> #VALUE! | E25: X Maxima | F25: =-G24/(2*F24) -> #VALUE! | I25: X Maxima | J25: =-K24/(2*J24) -> #VALUE! | M25: X Maxima | N25: =-O24/(2*N24) -> #VALUE!
B37: =INDEX(LINEST([0]!y_s2_c10,[0]!x_s2_c10^{1,2}),1) -> #VALUE! | C37: =INDEX(LINEST([0]!y_s2_c10,[0]!x_s2_c10^{1,2}),1,2) -> #VALUE! | F37: =INDEX(LINEST([0]!y_s2_c7,[0]!x_s2_c7^{1,2}),1) -> #VALUE! | G37: =INDEX(LINEST([0]!y_s2_c7,[0]!x_s2_c7^{1,2}),1,2) -> #VALUE! | J37: =INDEX(LINEST([0]!y_s2_c4,[0]!x_s2_c4^{1,2}),1) -> #VALUE! | K37: =INDEX(LINEST([0]!y_s2_c4,[0]!x_s2_c4^{1,2}),1,2) -> #VALUE! | N37: =INDEX(LINEST([0]!y_s2_c1,[0]!x_s2_c1^{1,2}),1) -> #VALUE! | O37: =INDEX(LINEST([0]!y_s2_c1,[0]!x_s2_c1^{1,2}),1,2) -> #VALUE!
A38: X Maxima | B38: =-C37/(2*B37) -> #VALUE! | E38: X Maxima | F38: =-G37/(2*F37) -> #VALUE! | I38: X Maxima | J38: =-K37/(2*J37) -> #VALUE! | M38: X Maxima | N38: =-O37/(2*N37) -> #VALUE!

Sheet Sensor 3
AA1: Z | AB1: Sensor | AC1: Column | AE1: Z | AF1: Sensor | AG1: Column | AI1: Z | AJ1: Sensor | AK1: Column | AM1: Z | AN1: Sensor | AO1: Column | AQ1: Z | AR1: Sensor | AS1: Column | AU1: Z | AV1: Sensor | AW1: Column | AY1: Z | AZ1: Sensor | BA1: Column | BC1: Z | BD1: Sensor | BE1: Column | BG1: Z | BH1: Sensor | BI1: Column | BK1: Z | BL1: Sensor | BM1: Column | BO1: Z | BP1: Sensor | BQ1: Column | BS1: Z | BT1: Sensor | BU1: Column
R2: X | S2: Y | AA2: >=6.5 | AB2: 2 | AC2: 11 | AE2: >=6.5 | AF2: 2 | AG2: 10 | AI2: >=6.5 | AJ2: 2 | AK2: 9 | AM2: >=6.5 | AN2: 2 | AO2: 8 | AQ2: >=6.5 | AR2: 2 | AS2: 7 | AU2: >=6.5 | AV2: 2 | AW2: 6 | AY2: >=6.5 | AZ2: 2 | BA2: 5 | BC2: >=6.5 | BD2: 2 | BE2: 4 | BG2: >=6.5 | BH2: 2 | BI2: 3 | BK2: >=6.5 | BL2: 2 | BM2: 2 | BO2: >=6.5 | BP2: 2 | BQ2: 1 | BS2: >=6.5 | BT2: 2 | BU2: 0
R3: =B12 -> #VALUE! | S3: -99
R4: =B25 -> #VALUE! | S4: -90 | AA4: X | AB4: Z | AC4: Column | AE4: X | AF4: Z | AG4: Column | AI4: X | AJ4: Z | AK4: Column | AM4: X | AN4: Z | AO4: Column | AQ4: X | AR4: Z | AS4: Column | AU4: X | AV4: Z | AW4: Column | AY4: X | AZ4: Z | BA4: Column | BC4: X | BD4: Z | BE4: Column | BG4: X | BH4: Z | BI4: Column | BK4: X | BL4: Z | BM4: Column | BO4: X | BP4: Z | BQ4: Column | BS4: X | BT4: Z | BU4: Column
R5: =B38 -> #VALUE! | S5: -81
R6: =F12 -> #VALUE! | S6: -72
R7: =F25 -> #VALUE! | S7: -63
R8: =F38 -> #VALUE! | S8: -54
R9: =J12 -> #VALUE! | S9: -45
R10: =J25 -> #VALUE! | S10: -36
B11: =INDEX(LINEST([0]!y_s3_c12,[0]!x_s3_c12^{1,2}),1) -> #VALUE! | C11: =INDEX(LINEST([0]!y_s3_c12,[0]!x_s3_c12^{1,2}),1,2) -> #VALUE! | F11: =INDEX(LINEST([0]!y_s3_c9,[0]!x_s3_c9^{1,2}),1) -> #VALUE! | G11: =INDEX(LINEST([0]!y_s3_c9,[0]!x_s3_c9^{1,2}),1,2) -> #VALUE! | J11: =INDEX(LINEST([0]!y_s3_c6,[0]!x_s3_c6^{1,2}),1) -> #VALUE! | K11: =INDEX(LINEST([0]!y_s3_c6,[0]!x_s3_c6^{1,2}),1,2) -> #VALUE! | N11: =INDEX(LINEST([0]!y_s3_c3,[0]!x_s3_c3^{1,2}),1) -> #VALUE! | O11: =INDEX(LINEST([0]!y_s3_c3,[0]!x_s3_c3^{1,2}),1,2) -> #VALUE! | R11: =J38 -> #VALUE! | S11: -27
A12: X Maxima | B12: =-C11/(2*B11) -> #VALUE! | E12: X Maxima | F12: =-G11/(2*F11) -> #VALUE! | I12: X Maxima | J12: =-K11/(2*J11) -> #VALUE! | M12: X Maxima | N12: =-O11/(2*N11) -> #VALUE! | R12: =N12 -> #VALUE! | S12: -18
R13: =N25 -> #VALUE! | S13: -9
R14: =N38 -> #VALUE! | S14: 0
R17: slope | S17: =SLOPE(R3:R14,S3:S14) -> #VALUE! | U17: atan | V17: =(180 * ATAN(S17) / PI()) -> #VALUE! | W17: degrees
R18: intercept | S18: =INTERCEPT(R3:R14,S3:S14) -> #VALUE!
B24: =INDEX(LINEST([0]!y_s3_c11,[0]!x_s3_c11^{1,2}),1) -> #VALUE! | C24: =INDEX(LINEST([0]!y_s3_c11,[0]!x_s3_c11^{1,2}),1,2) -> #VALUE! | F24: =INDEX(LINEST([0]!y_s3_c8,[0]!x_s3_c8^{1,2}),1) -> #VALUE! | G24: =INDEX(LINEST([0]!y_s3_c8,[0]!x_s3_c8^{1,2}),1,2) -> #VALUE! | J24: =INDEX(LINEST([0]!y_s3_c5,[0]!x_s3_c5^{1,2}),1) -> #VALUE! | K24: =INDEX(LINEST([0]!y_s3_c5,[0]!x_s3_c5^{1,2}),1,2) -> #VALUE! | N24: =INDEX(LINEST([0]!y_s3_c2,[0]!x_s3_c2^{1,2}),1) -> #VALUE! | O24: =INDEX(LINEST([0]!y_s3_c2,[0]!x_s3_c2^{1,2}),1,2) -> #VALUE!
A25: X Maxima | B25: =-C24/(2*B24) -> #VALUE! | E25: X Maxima | F25: =-G24/(2*F24) -> #VALUE! | I25: X Maxima | J25: =-K24/(2*J24) -> #VALUE! | M25: X Maxima | N25: =-O24/(2*N24) -> #VALUE!
B37: =INDEX(LINEST([0]!y_s3_c10,[0]!x_s3_c10^{1,2}),1) -> #VALUE! | C37: =INDEX(LINEST([0]!y_s3_c10,[0]!x_s3_c10^{1,2}),1,2) -> #VALUE! | F37: =INDEX(LINEST([0]!y_s3_c7,[0]!x_s3_c7^{1,2}),1) -> #VALUE! | G37: =INDEX(LINEST([0]!y_s3_c7,[0]!x_s3_c7^{1,2}),1,2) -> #VALUE! | J37: =INDEX(LINEST([0]!y_s3_c4,[0]!x_s3_c4^{1,2}),1) -> #VALUE! | K37: =INDEX(LINEST([0]!y_s3_c4,[0]!x_s3_c4^{1,2}),1,2) -> #VALUE! | N37: =INDEX(LINEST([0]!y_s3_c1,[0]!x_s3_c1^{1,2}),1) -> #VALUE! | O37: =INDEX(LINEST([0]!y_s3_c1,[0]!x_s3_c1^{1,2}),1,2) -> #VALUE!
A38: X Maxima | B38: =-C37/(2*B37) -> #VALUE! | E38: X Maxima | F38: =-G37/(2*F37) -> #VALUE! | I38: X Maxima | J38: =-K37/(2*J37) -> #VALUE! | M38: X Maxima | N38: =-O37/(2*N37) -> #VALUE!

Sheet Sensor 4
AA1: Z | AB1: Sensor | AC1: Column | AE1: Z | AF1: Sensor | AG1: Column | AI1: Z | AJ1: Sensor | AK1: Column | AM1: Z | AN1: Sensor | AO1: Column | AQ1: Z | AR1: Sensor | AS1: Column | AU1: Z | AV1: Sensor | AW1: Column | AY1: Z | AZ1: Sensor | BA1: Column | BC1: Z | BD1: Sensor | BE1: Column | BG1: Z | BH1: Sensor | BI1: Column | BK1: Z | BL1: Sensor | BM1: Column | BO1: Z | BP1: Sensor | BQ1: Column | BS1: Z | BT1: Sensor | BU1: Column
R2: X | S2: Y | AA2: >=6.5 | AB2: 3 | AC2: 11 | AE2: >=6.5 | AF2: 3 | AG2: 10 | AI2: >=6.5 | AJ2: 3 | AK2: 9 | AM2: >=6.5 | AN2: 3 | AO2: 8 | AQ2: >=6.5 | AR2: 3 | AS2: 7 | AU2: >=6.5 | AV2: 3 | AW2: 6 | AY2: >=6.5 | AZ2: 3 | BA2: 5 | BC2: >=6.5 | BD2: 3 | BE2: 4 | BG2: >=6.5 | BH2: 3 | BI2: 3 | BK2: >=6.5 | BL2: 3 | BM2: 2 | BO2: >=6.5 | BP2: 3 | BQ2: 1 | BS2: >=6.5 | BT2: 3 | BU2: 0
R3: =B12 -> #VALUE! | S3: -99
R4: =B25 -> #VALUE! | S4: -90 | AA4: X | AB4: Z | AC4: Column | AE4: X | AF4: Z | AG4: Column | AI4: X | AJ4: Z | AK4: Column | AM4: X | AN4: Z | AO4: Column | AQ4: X | AR4: Z | AS4: Column | AU4: X | AV4: Z | AW4: Column | AY4: X | AZ4: Z | BA4: Column | BC4: X | BD4: Z | BE4: Column | BG4: X | BH4: Z | BI4: Column | BK4: X | BL4: Z | BM4: Column | BO4: X | BP4: Z | BQ4: Column | BS4: X | BT4: Z | BU4: Column
R5: =B38 -> #VALUE! | S5: -81
R6: =F12 -> #VALUE! | S6: -72
R7: =F25 -> #VALUE! | S7: -63
R8: =F38 -> #VALUE! | S8: -54
R9: =J12 -> #VALUE! | S9: -45
R10: =J25 -> #VALUE! | S10: -36
B11: =INDEX(LINEST([0]!y_s4_c12,[0]!x_s4_c12^{1,2}),1) -> #VALUE! | C11: =INDEX(LINEST([0]!y_s4_c12,[0]!x_s4_c12^{1,2}),1,2) -> #VALUE! | F11: =INDEX(LINEST([0]!y_s4_c9,[0]!x_s4_c9^{1,2}),1) -> #VALUE! | G11: =INDEX(LINEST([0]!y_s4_c9,[0]!x_s4_c9^{1,2}),1,2) -> #VALUE! | J11: =INDEX(LINEST([0]!y_s4_c6,[0]!x_s4_c6^{1,2}),1) -> #VALUE! | K11: =INDEX(LINEST([0]!y_s4_c6,[0]!x_s4_c6^{1,2}),1,2) -> #VALUE! | N11: =INDEX(LINEST([0]!y_s4_c3,[0]!x_s4_c3^{1,2}),1) -> #VALUE! | O11: =INDEX(LINEST([0]!y_s4_c3,[0]!x_s4_c3^{1,2}),1,2) -> #VALUE! | R11: =J38 -> #VALUE! | S11: -27
A12: X Maxima | B12: =-C11/(2*B11) -> #VALUE! | E12: X Maxima | F12: =-G11/(2*F11) -> #VALUE! | I12: X Maxima | J12: =-K11/(2*J11) -> #VALUE! | M12: X Maxima | N12: =-O11/(2*N11) -> #VALUE! | R12: =N12 -> #VALUE! | S12: -18
R13: =N25 -> #VALUE! | S13: -9
R14: =N38 -> #VALUE! | S14: 0
R17: slope | S17: =SLOPE(R3:R14,S3:S14) -> #VALUE! | U17: atan | V17: =(180 * ATAN(S17) / PI()) -> #VALUE! | W17: degrees
R18: intercept | S18: =INTERCEPT(R3:R14,S3:S14) -> #VALUE!
B24: =INDEX(LINEST([0]!y_s4_c11,[0]!x_s4_c11^{1,2}),1) -> #VALUE! | C24: =INDEX(LINEST([0]!y_s4_c11,[0]!x_s4_c11^{1,2}),1,2) -> #VALUE! | F24: =INDEX(LINEST([0]!y_s4_c8,[0]!x_s4_c8^{1,2}),1) -> #VALUE! | G24: =INDEX(LINEST([0]!y_s4_c8,[0]!x_s4_c8^{1,2}),1,2) -> #VALUE! | J24: =INDEX(LINEST([0]!y_s4_c5,[0]!x_s4_c5^{1,2}),1) -> #VALUE! | K24: =INDEX(LINEST([0]!y_s4_c5,[0]!x_s4_c5^{1,2}),1,2) -> #VALUE! | N24: =INDEX(LINEST([0]!y_s4_c2,[0]!x_s4_c2^{1,2}),1) -> #VALUE! | O24: =INDEX(LINEST([0]!y_s4_c2,[0]!x_s4_c2^{1,2}),1,2) -> #VALUE!
A25: X Maxima | B25: =-C24/(2*B24) -> #VALUE! | E25: X Maxima | F25: =-G24/(2*F24) -> #VALUE! | I25: X Maxima | J25: =-K24/(2*J24) -> #VALUE! | M25: X Maxima | N25: =-O24/(2*N24) -> #VALUE!
B37: =INDEX(LINEST([0]!y_s4_c10,[0]!x_s4_c10^{1,2}),1) -> #VALUE! | C37: =INDEX(LINEST([0]!y_s4_c10,[0]!x_s4_c10^{1,2}),1,2) -> #VALUE! | F37: =INDEX(LINEST([0]!y_s4_c7,[0]!x_s4_c7^{1,2}),1) -> #VALUE! | G37: =INDEX(LINEST([0]!y_s4_c7,[0]!x_s4_c7^{1,2}),1,2) -> #VALUE! | J37: =INDEX(LINEST([0]!y_s4_c4,[0]!x_s4_c4^{1,2}),1) -> #VALUE! | K37: =INDEX(LINEST([0]!y_s4_c4,[0]!x_s4_c4^{1,2}),1,2) -> #VALUE! | N37: =INDEX(LINEST([0]!y_s4_c1,[0]!x_s4_c1^{1,2}),1) -> #VALUE! | O37: =INDEX(LINEST([0]!y_s4_c1,[0]!x_s4_c1^{1,2}),1,2) -> #VALUE!
A38: X Maxima | B38: =-C37/(2*B37) -> #VALUE! | E38: X Maxima | F38: =-G37/(2*F37) -> #VALUE! | I38: X Maxima | J38: =-K37/(2*J37) -> #VALUE! | M38: X Maxima | N38: =-O37/(2*N37) -> #VALUE!

Sheet Sensor 5
AA1: Z | AB1: Sensor | AC1: Column | AE1: Z | AF1: Sensor | AG1: Column | AI1: Z | AJ1: Sensor | AK1: Column | AM1: Z | AN1: Sensor | AO1: Column | AQ1: Z | AR1: Sensor | AS1: Column | AU1: Z | AV1: Sensor | AW1: Column | AY1: Z | AZ1: Sensor | BA1: Column | BC1: Z | BD1: Sensor | BE1: Column | BG1: Z | BH1: Sensor | BI1: Column | BK1: Z | BL1: Sensor | BM1: Column | BO1: Z | BP1: Sensor | BQ1: Column | BS1: Z | BT1: Sensor | BU1: Column
R2: X | S2: Y | AA2: >=6.5 | AB2: 4 | AC2: 11 | AE2: >=6.5 | AF2: 4 | AG2: 10 | AI2: >=6.5 | AJ2: 4 | AK2: 9 | AM2: >=6.5 | AN2: 4 | AO2: 8 | AQ2: >=6.5 | AR2: 4 | AS2: 7 | AU2: >=6.5 | AV2: 4 | AW2: 6 | AY2: >=6.5 | AZ2: 4 | BA2: 5 | BC2: >=6.5 | BD2: 4 | BE2: 4 | BG2: >=6.5 | BH2: 4 | BI2: 3 | BK2: >=6.5 | BL2: 4 | BM2: 2 | BO2: >=6.5 | BP2: 4 | BQ2: 1 | BS2: >=6.5 | BT2: 4 | BU2: 0
R3: =B12 -> #VALUE! | S3: -99
R4: =B25 -> #VALUE! | S4: -90 | AA4: X | AB4: Z | AC4: Column | AE4: X | AF4: Z | AG4: Column | AI4: X | AJ4: Z | AK4: Column | AM4: X | AN4: Z | AO4: Column | AQ4: X | AR4: Z | AS4: Column | AU4: X | AV4: Z | AW4: Column | AY4: X | AZ4: Z | BA4: Column | BC4: X | BD4: Z | BE4: Column | BG4: X | BH4: Z | BI4: Column | BK4: X | BL4: Z | BM4: Column | BO4: X | BP4: Z | BQ4: Column | BS4: X | BT4: Z | BU4: Column
R5: =B38 -> #VALUE! | S5: -81
R6: =F12 -> #VALUE! | S6: -72
R7: =F25 -> #VALUE! | S7: -63
R8: =F38 -> #VALUE! | S8: -54
R9: =J12 -> #VALUE! | S9: -45
R10: =J25 -> #VALUE! | S10: -36
B11: =INDEX(LINEST([0]!y_s5_c12,[0]!x_s5_c12^{1,2}),1) -> #VALUE! | C11: =INDEX(LINEST([0]!y_s5_c12,[0]!x_s5_c12^{1,2}),1,2) -> #VALUE! | F11: =INDEX(LINEST([0]!y_s5_c9,[0]!x_s5_c9^{1,2}),1) -> #VALUE! | G11: =INDEX(LINEST([0]!y_s5_c9,[0]!x_s5_c9^{1,2}),1,2) -> #VALUE! | J11: =INDEX(LINEST([0]!y_s5_c6,[0]!x_s5_c6^{1,2}),1) -> #VALUE! | K11: =INDEX(LINEST([0]!y_s5_c6,[0]!x_s5_c6^{1,2}),1,2) -> #VALUE! | N11: =INDEX(LINEST([0]!y_s5_c3,[0]!x_s5_c3^{1,2}),1) -> #VALUE! | O11: =INDEX(LINEST([0]!y_s5_c3,[0]!x_s5_c3^{1,2}),1,2) -> #VALUE! | R11: =J38 -> #VALUE! | S11: -27
A12: X Maxima | B12: =-C11/(2*B11) -> #VALUE! | E12: X Maxima | F12: =-G11/(2*F11) -> #VALUE! | I12: X Maxima | J12: =-K11/(2*J11) -> #VALUE! | M12: X Maxima | N12: =-O11/(2*N11) -> #VALUE! | R12: =N12 -> #VALUE! | S12: -18
R13: =N25 -> #VALUE! | S13: -9
R14: =N38 -> #VALUE! | S14: 0
R17: slope | S17: =SLOPE(R3:R14,S3:S14) -> #VALUE! | U17: atan | V17: =(180 * ATAN(S17) / PI()) -> #VALUE! | W17: degrees
R18: intercept | S18: =INTERCEPT(R3:R14,S3:S14) -> #VALUE!
B24: =INDEX(LINEST([0]!y_s5_c11,[0]!x_s5_c11^{1,2}),1) -> #VALUE! | C24: =INDEX(LINEST([0]!y_s5_c11,[0]!x_s5_c11^{1,2}),1,2) -> #VALUE! | F24: =INDEX(LINEST([0]!y_s5_c8,[0]!x_s5_c8^{1,2}),1) -> #VALUE! | G24: =INDEX(LINEST([0]!y_s5_c8,[0]!x_s5_c8^{1,2}),1,2) -> #VALUE! | J24: =INDEX(LINEST([0]!y_s5_c5,[0]!x_s5_c5^{1,2}),1) -> #VALUE! | K24: =INDEX(LINEST([0]!y_s5_c5,[0]!x_s5_c5^{1,2}),1,2) -> #VALUE! | N24: =INDEX(LINEST([0]!y_s5_c2,[0]!x_s5_c2^{1,2}),1) -> #VALUE! | O24: =INDEX(LINEST([0]!y_s5_c2,[0]!x_s5_c2^{1,2}),1,2) -> #VALUE!
A25: X Maxima | B25: =-C24/(2*B24) -> #VALUE! | E25: X Maxima | F25: =-G24/(2*F24) -> #VALUE! | I25: X Maxima | J25: =-K24/(2*J24) -> #VALUE! | M25: X Maxima | N25: =-O24/(2*N24) -> #VALUE!
B37: =INDEX(LINEST([0]!y_s5_c10,[0]!x_s5_c10^{1,2}),1) -> #VALUE! | C37: =INDEX(LINEST([0]!y_s5_c10,[0]!x_s5_c10^{1,2}),1,2) -> #VALUE! | F37: =INDEX(LINEST([0]!y_s5_c7,[0]!x_s5_c7^{1,2}),1) -> #VALUE! | G37: =INDEX(LINEST([0]!y_s5_c7,[0]!x_s5_c7^{1,2}),1,2) -> #VALUE! | J37: =INDEX(LINEST([0]!y_s5_c4,[0]!x_s5_c4^{1,2}),1) -> #VALUE! | K37: =INDEX(LINEST([0]!y_s5_c4,[0]!x_s5_c4^{1,2}),1,2) -> #VALUE! | N37: =INDEX(LINEST([0]!y_s5_c1,[0]!x_s5_c1^{1,2}),1) -> #VALUE! | O37: =INDEX(LINEST([0]!y_s5_c1,[0]!x_s5_c1^{1,2}),1,2) -> #VALUE!
A38: X Maxima | B38: =-C37/(2*B37) -> #VALUE! | E38: X Maxima | F38: =-G37/(2*F37) -> #VALUE! | I38: X Maxima | J38: =-K37/(2*J37) -> #VALUE! | M38: X Maxima | N38: =-O37/(2*N37) -> #VALUE!

Sheet Sensor 6
AA1: Z | AB1: Sensor | AC1: Column | AE1: Z | AF1: Sensor | AG1: Column | AI1: Z | AJ1: Sensor | AK1: Column | AM1: Z | AN1: Sensor | AO1: Column | AQ1: Z | AR1: Sensor | AS1: Column | AU1: Z | AV1: Sensor | AW1: Column | AY1: Z | AZ1: Sensor | BA1: Column | BC1: Z | BD1: Sensor | BE1: Column | BG1: Z | BH1: Sensor | BI1: Column | BK1: Z | BL1: Sensor | BM1: Column | BO1: Z | BP1: Sensor | BQ1: Column | BS1: Z | BT1: Sensor | BU1: Column
R2: X | S2: Y | AA2: >=6.5 | AB2: 5 | AC2: 11 | AE2: >=6.5 | AF2: 5 | AG2: 10 | AI2: >=6.5 | AJ2: 5 | AK2: 9 | AM2: >=6.5 | AN2: 5 | AO2: 8 | AQ2: >=6.5 | AR2: 5 | AS2: 7 | AU2: >=6.5 | AV2: 5 | AW2: 6 | AY2: >=6.5 | AZ2: 5 | BA2: 5 | BC2: >=6.5 | BD2: 5 | BE2: 4 | BG2: >=6.5 | BH2: 5 | BI2: 3 | BK2: >=6.5 | BL2: 5 | BM2: 2 | BO2: >=6.5 | BP2: 5 | BQ2: 1 | BS2: >=6.5 | BT2: 5 | BU2: 0
R3: =B12 -> #VALUE! | S3: -99
R4: =B25 -> #VALUE! | S4: -90 | AA4: X | AB4: Z | AC4: Column | AE4: X | AF4: Z | AG4: Column | AI4: X | AJ4: Z | AK4: Column | AM4: X | AN4: Z | AO4: Column | AQ4: X | AR4: Z | AS4: Column | AU4: X | AV4: Z | AW4: Column | AY4: X | AZ4: Z | BA4: Column | BC4: X | BD4: Z | BE4: Column | BG4: X | BH4: Z | BI4: Column | BK4: X | BL4: Z | BM4: Column | BO4: X | BP4: Z | BQ4: Column | BS4: X | BT4: Z | BU4: Column
R5: =B38 -> #VALUE! | S5: -81
R6: =F12 -> #VALUE! | S6: -72
R7: =F25 -> #VALUE! | S7: -63
R8: =F38 -> #VALUE! | S8: -54
R9: =J12 -> #VALUE! | S9: -45
R10: =J25 -> #VALUE! | S10: -36
B11: =INDEX(LINEST([0]!y_s6_c12,[0]!x_s6_c12^{1,2}),1) -> #VALUE! | C11: =INDEX(LINEST([0]!y_s6_c12,[0]!x_s6_c12^{1,2}),1,2) -> #VALUE! | F11: =INDEX(LINEST([0]!y_s6_c9,[0]!x_s6_c9^{1,2}),1) -> #VALUE! | G11: =INDEX(LINEST([0]!y_s6_c9,[0]!x_s6_c9^{1,2}),1,2) -> #VALUE! | J11: =INDEX(LINEST([0]!y_s6_c6,[0]!x_s6_c6^{1,2}),1) -> #VALUE! | K11: =INDEX(LINEST([0]!y_s6_c6,[0]!x_s6_c6^{1,2}),1,2) -> #VALUE! | N11: =INDEX(LINEST([0]!y_s6_c3,[0]!x_s6_c3^{1,2}),1) -> #VALUE! | O11: =INDEX(LINEST([0]!y_s6_c3,[0]!x_s6_c3^{1,2}),1,2) -> #VALUE! | R11: =J38 -> #VALUE! | S11: -27
A12: X Maxima | B12: =-C11/(2*B11) -> #VALUE! | E12: X Maxima | F12: =-G11/(2*F11) -> #VALUE! | I12: X Maxima | J12: =-K11/(2*J11) -> #VALUE! | M12: X Maxima | N12: =-O11/(2*N11) -> #VALUE! | R12: =N12 -> #VALUE! | S12: -18
R13: =N25 -> #VALUE! | S13: -9
R14: =N38 -> #VALUE! | S14: 0
R17: slope | S17: =SLOPE(R3:R14,S3:S14) -> #VALUE! | U17: atan | V17: =(180 * ATAN(S17) / PI()) -> #VALUE! | W17: degrees
R18: intercept | S18: =INTERCEPT(R3:R14,S3:S14) -> #VALUE!
B24: =INDEX(LINEST([0]!y_s6_c11,[0]!x_s6_c11^{1,2}),1) -> #VALUE! | C24: =INDEX(LINEST([0]!y_s6_c11,[0]!x_s6_c11^{1,2}),1,2) -> #VALUE! | F24: =INDEX(LINEST([0]!y_s6_c8,[0]!x_s6_c8^{1,2}),1) -> #VALUE! | G24: =INDEX(LINEST([0]!y_s6_c8,[0]!x_s6_c8^{1,2}),1,2) -> #VALUE! | J24: =INDEX(LINEST([0]!y_s6_c5,[0]!x_s6_c5^{1,2}),1) -> #VALUE! | K24: =INDEX(LINEST([0]!y_s6_c5,[0]!x_s6_c5^{1,2}),1,2) -> #VALUE! | N24: =INDEX(LINEST([0]!y_s6_c2,[0]!x_s6_c2^{1,2}),1) -> #VALUE! | O24: =INDEX(LINEST([0]!y_s6_c2,[0]!x_s6_c2^{1,2}),1,2) -> #VALUE!
A25: X Maxima | B25: =-C24/(2*B24) -> #VALUE! | E25: X Maxima | F25: =-G24/(2*F24) -> #VALUE! | I25: X Maxima | J25: =-K24/(2*J24) -> #VALUE! | M25: X Maxima | N25: =-O24/(2*N24) -> #VALUE!
B37: =INDEX(LINEST([0]!y_s6_c10,[0]!x_s6_c10^{1,2}),1) -> #VALUE! | C37: =INDEX(LINEST([0]!y_s6_c10,[0]!x_s6_c10^{1,2}),1,2) -> #VALUE! | F37: =INDEX(LINEST([0]!y_s6_c7,[0]!x_s6_c7^{1,2}),1) -> #VALUE! | G37: =INDEX(LINEST([0]!y_s6_c7,[0]!x_s6_c7^{1,2}),1,2) -> #VALUE! | J37: =INDEX(LINEST([0]!y_s6_c4,[0]!x_s6_c4^{1,2}),1) -> #VALUE! | K37: =INDEX(LINEST([0]!y_s6_c4,[0]!x_s6_c4^{1,2}),1,2) -> #VALUE! | N37: =INDEX(LINEST([0]!y_s6_c1,[0]!x_s6_c1^{1,2}),1) -> #VALUE! | O37: =INDEX(LINEST([0]!y_s6_c1,[0]!x_s6_c1^{1,2}),1,2) -> #VALUE!
A38: X Maxima | B38: =-C37/(2*B37) -> #VALUE! | E38: X Maxima | F38: =-G37/(2*F37) -> #VALUE! | I38: X Maxima | J38: =-K37/(2*J37) -> #VALUE! | M38: X Maxima | N38: =-O37/(2*N37) -> #VALUE!

Sheet Sensor 7
AA1: Z | AB1: Sensor | AC1: Column | AE1: Z | AF1: Sensor | AG1: Column | AI1: Z | AJ1: Sensor | AK1: Column | AM1: Z | AN1: Sensor | AO1: Column | AQ1: Z | AR1: Sensor | AS1: Column | AU1: Z | AV1: Sensor | AW1: Column | AY1: Z | AZ1: Sensor | BA1: Column | BC1: Z | BD1: Sensor | BE1: Column | BG1: Z | BH1: Sensor | BI1: Column | BK1: Z | BL1: Sensor | BM1: Column | BO1: Z | BP1: Sensor | BQ1: Column | BS1: Z | BT1: Sensor | BU1: Column
R2: X | S2: Y | AA2: >=6.5 | AB2: 6 | AC2: 11 | AE2: >=6.5 | AF2: 6 | AG2: 10 | AI2: >=6.5 | AJ2: 6 | AK2: 9 | AM2: >=6.5 | AN2: 6 | AO2: 8 | AQ2: >=6.5 | AR2: 6 | AS2: 7 | AU2: >=6.5 | AV2: 6 | AW2: 6 | AY2: >=6.5 | AZ2: 6 | BA2: 5 | BC2: >=6.5 | BD2: 6 | BE2: 4 | BG2: >=6.5 | BH2: 6 | BI2: 3 | BK2: >=6.5 | BL2: 6 | BM2: 2 | BO2: >=6.5 | BP2: 6 | BQ2: 1 | BS2: >=6.5 | BT2: 6 | BU2: 0
R3: =B12 -> #VALUE! | S3: -99
R4: =B25 -> #VALUE! | S4: -90 | AA4: X | AB4: Z | AC4: Column | AE4: X | AF4: Z | AG4: Column | AI4: X | AJ4: Z | AK4: Column | AM4: X | AN4: Z | AO4: Column | AQ4: X | AR4: Z | AS4: Column | AU4: X | AV4: Z | AW4: Column | AY4: X | AZ4: Z | BA4: Column | BC4: X | BD4: Z | BE4: Column | BG4: X | BH4: Z | BI4: Column | BK4: X | BL4: Z | BM4: Column | BO4: X | BP4: Z | BQ4: Column | BS4: X | BT4: Z | BU4: Column
R5: =B38 -> #VALUE! | S5: -81
R6: =F12 -> #VALUE! | S6: -72
R7: =F25 -> #VALUE! | S7: -63
R8: =F38 -> #VALUE! | S8: -54
R9: =J12 -> #VALUE! | S9: -45
R10: =J25 -> #VALUE! | S10: -36
B11: =INDEX(LINEST([0]!y_s7_c12,[0]!x_s7_c12^{1,2}),1) -> #VALUE! | C11: =INDEX(LINEST([0]!y_s7_c12,[0]!x_s7_c12^{1,2}),1,2) -> #VALUE! | F11: =INDEX(LINEST([0]!y_s7_c9,[0]!x_s7_c9^{1,2}),1) -> #VALUE! | G11: =INDEX(LINEST([0]!y_s7_c9,[0]!x_s7_c9^{1,2}),1,2) -> #VALUE! | J11: =INDEX(LINEST([0]!y_s7_c6,[0]!x_s7_c6^{1,2}),1) -> #VALUE! | K11: =INDEX(LINEST([0]!y_s7_c6,[0]!x_s7_c6^{1,2}),1,2) -> #VALUE! | N11: =INDEX(LINEST([0]!y_s7_c3,[0]!x_s7_c3^{1,2}),1) -> #VALUE! | O11: =INDEX(LINEST([0]!y_s7_c3,[0]!x_s7_c3^{1,2}),1,2) -> #VALUE! | R11: =J38 -> #VALUE! | S11: -27
A12: X Maxima | B12: =-C11/(2*B11) -> #VALUE! | E12: X Maxima | F12: =-G11/(2*F11) -> #VALUE! | I12: X Maxima | J12: =-K11/(2*J11) -> #VALUE! | M12: X Maxima | N12: =-O11/(2*N11) -> #VALUE! | R12: =N12 -> #VALUE! | S12: -18
R13: =N25 -> #VALUE! | S13: -9
R14: =N38 -> #VALUE! | S14: 0
R17: slope | S17: =SLOPE(R3:R14,S3:S14) -> #VALUE! | U17: atan | V17: =(180 * ATAN(S17) / PI()) -> #VALUE! | W17: degrees
R18: intercept | S18: =INTERCEPT(R3:R14,S3:S14) -> #VALUE!
B24: =INDEX(LINEST([0]!y_s7_c11,[0]!x_s7_c11^{1,2}),1) -> #VALUE! | C24: =INDEX(LINEST([0]!y_s7_c11,[0]!x_s7_c11^{1,2}),1,2) -> #VALUE! | F24: =INDEX(LINEST([0]!y_s7_c8,[0]!x_s7_c8^{1,2}),1) -> #VALUE! | G24: =INDEX(LINEST([0]!y_s7_c8,[0]!x_s7_c8^{1,2}),1,2) -> #VALUE! | J24: =INDEX(LINEST([0]!y_s7_c5,[0]!x_s7_c5^{1,2}),1) -> #VALUE! | K24: =INDEX(LINEST([0]!y_s7_c5,[0]!x_s7_c5^{1,2}),1,2) -> #VALUE! | N24: =INDEX(LINEST([0]!y_s7_c2,[0]!x_s7_c2^{1,2}),1) -> #VALUE! | O24: =INDEX(LINEST([0]!y_s7_c2,[0]!x_s7_c2^{1,2}),1,2) -> #VALUE!
A25: X Maxima | B25: =-C24/(2*B24) -> #VALUE! | E25: X Maxima | F25: =-G24/(2*F24) -> #VALUE! | I25: X Maxima | J25: =-K24/(2*J24) -> #VALUE! | M25: X Maxima | N25: =-O24/(2*N24) -> #VALUE!
B37: =INDEX(LINEST([0]!y_s7_c10,[0]!x_s7_c10^{1,2}),1) -> #VALUE! | C37: =INDEX(LINEST([0]!y_s7_c10,[0]!x_s7_c10^{1,2}),1,2) -> #VALUE! | F37: =INDEX(LINEST([0]!y_s7_c7,[0]!x_s7_c7^{1,2}),1) -> #VALUE! | G37: =INDEX(LINEST([0]!y_s7_c7,[0]!x_s7_c7^{1,2}),1,2) -> #VALUE! | J37: =INDEX(LINEST([0]!y_s7_c4,[0]!x_s7_c4^{1,2}),1) -> #VALUE! | K37: =INDEX(LINEST([0]!y_s7_c4,[0]!x_s7_c4^{1,2}),1,2) -> #VALUE! | N37: =INDEX(LINEST([0]!y_s7_c1,[0]!x_s7_c1^{1,2}),1) -> #VALUE! | O37: =INDEX(LINEST([0]!y_s7_c1,[0]!x_s7_c1^{1,2}),1,2) -> #VALUE!
A38: X Maxima | B38: =-C37/(2*B37) -> #VALUE! | E38: X Maxima | F38: =-G37/(2*F37) -> #VALUE! | I38: X Maxima | J38: =-K37/(2*J37) -> #VALUE! | M38: X Maxima | N38: =-O37/(2*N37) -> #VALUE!

Sheet Sensor 8
AA1: Z | AB1: Sensor | AC1: Column | AE1: Z | AF1: Sensor | AG1: Column | AI1: Z | AJ1: Sensor | AK1: Column | AM1: Z | AN1: Sensor | AO1: Column | AQ1: Z | AR1: Sensor | AS1: Column | AU1: Z | AV1: Sensor | AW1: Column | AY1: Z | AZ1: Sensor | BA1: Column | BC1: Z | BD1: Sensor | BE1: Column | BG1: Z | BH1: Sensor | BI1: Column | BK1: Z | BL1: Sensor | BM1: Column | BO1: Z | BP1: Sensor | BQ1: Column | BS1: Z | BT1: Sensor | BU1: Column
R2: X | S2: Y | AA2: >=6.5 | AB2: 7 | AC2: 11 | AE2: >=6.5 | AF2: 7 | AG2: 10 | AI2: >=6.5 | AJ2: 7 | AK2: 9 | AM2: >=6.5 | AN2: 7 | AO2: 8 | AQ2: >=6.5 | AR2: 7 | AS2: 7 | AU2: >=6.5 | AV2: 7 | AW2: 6 | AY2: >=6.5 | AZ2: 7 | BA2: 5 | BC2: >=6.5 | BD2: 7 | BE2: 4 | BG2: >=6.5 | BH2: 7 | BI2: 3 | BK2: >=6.5 | BL2: 7 | BM2: 2 | BO2: >=6.5 | BP2: 7 | BQ2: 1 | BS2: >=6.5 | BT2: 7 | BU2: 0
R3: =B12 -> #VALUE! | S3: -99
R4: =B25 -> #VALUE! | S4: -90 | AA4: X | AB4: Z | AC4: Column | AE4: X | AF4: Z | AG4: Column | AI4: X | AJ4: Z | AK4: Column | AM4: X | AN4: Z | AO4: Column | AQ4: X | AR4: Z | AS4: Column | AU4: X | AV4: Z | AW4: Column | AY4: X | AZ4: Z | BA4: Column | BC4: X | BD4: Z | BE4: Column | BG4: X | BH4: Z | BI4: Column | BK4: X | BL4: Z | BM4: Column | BO4: X | BP4: Z | BQ4: Column | BS4: X | BT4: Z | BU4: Column
R5: =B38 -> #VALUE! | S5: -81
R6: =F12 -> #VALUE! | S6: -72
R7: =F25 -> #VALUE! | S7: -63
R8: =F38 -> #VALUE! | S8: -54
R9: =J12 -> #VALUE! | S9: -45
R10: =J25 -> #VALUE! | S10: -36
B11: =INDEX(LINEST([0]!y_s8_c12,[0]!x_s8_c12^{1,2}),1) -> #VALUE! | C11: =INDEX(LINEST([0]!y_s8_c12,[0]!x_s8_c12^{1,2}),1,2) -> #VALUE! | F11: =INDEX(LINEST([0]!y_s8_c9,[0]!x_s8_c9^{1,2}),1) -> #VALUE! | G11: =INDEX(LINEST([0]!y_s8_c9,[0]!x_s8_c9^{1,2}),1,2) -> #VALUE! | J11: =INDEX(LINEST([0]!y_s8_c6,[0]!x_s8_c6^{1,2}),1) -> #VALUE! | K11: =INDEX(LINEST([0]!y_s8_c6,[0]!x_s8_c6^{1,2}),1,2) -> #VALUE! | N11: =INDEX(LINEST([0]!y_s8_c3,[0]!x_s8_c3^{1,2}),1) -> #VALUE! | O11: =INDEX(LINEST([0]!y_s8_c3,[0]!x_s8_c3^{1,2}),1,2) -> #VALUE! | R11: =J38 -> #VALUE! | S11: -27
A12: X Maxima | B12: =-C11/(2*B11) -> #VALUE! | E12: X Maxima | F12: =-G11/(2*F11) -> #VALUE! | I12: X Maxima | J12: =-K11/(2*J11) -> #VALUE! | M12: X Maxima | N12: =-O11/(2*N11) -> #VALUE! | R12: =N12 -> #VALUE! | S12: -18
R13: =N25 -> #VALUE! | S13: -9
R14: =N38 -> #VALUE! | S14: 0
R17: slope | S17: =SLOPE(R3:R14,S3:S14) -> #VALUE! | U17: atan | V17: =(180 * ATAN(S17) / PI()) -> #VALUE! | W17: degrees
R18: intercept | S18: =INTERCEPT(R3:R14,S3:S14) -> #VALUE!
B24: =INDEX(LINEST([0]!y_s8_c11,[0]!x_s8_c11^{1,2}),1) -> #VALUE! | C24: =INDEX(LINEST([0]!y_s8_c11,[0]!x_s8_c11^{1,2}),1,2) -> #VALUE! | F24: =INDEX(LINEST([0]!y_s8_c8,[0]!x_s8_c8^{1,2}),1) -> #VALUE! | G24: =INDEX(LINEST([0]!y_s8_c8,[0]!x_s8_c8^{1,2}),1,2) -> #VALUE! | J24: =INDEX(LINEST([0]!y_s8_c5,[0]!x_s8_c5^{1,2}),1) -> #VALUE! | K24: =INDEX(LINEST([0]!y_s8_c5,[0]!x_s8_c5^{1,2}),1,2) -> #VALUE! | N24: =INDEX(LINEST([0]!y_s8_c2,[0]!x_s8_c2^{1,2}),1) -> #VALUE! | O24: =INDEX(LINEST([0]!y_s8_c2,[0]!x_s8_c2^{1,2}),1,2) -> #VALUE!
A25: X Maxima | B25: =-C24/(2*B24) -> #VALUE! | E25: X Maxima | F25: =-G24/(2*F24) -> #VALUE! | I25: X Maxima | J25: =-K24/(2*J24) -> #VALUE! | M25: X Maxima | N25: =-O24/(2*N24) -> #VALUE!
B37: =INDEX(LINEST([0]!y_s8_c10,[0]!x_s8_c10^{1,2}),1) -> #VALUE! | C37: =INDEX(LINEST([0]!y_s8_c10,[0]!x_s8_c10^{1,2}),1,2) -> #VALUE! | F37: =INDEX(LINEST([0]!y_s8_c7,[0]!x_s8_c7^{1,2}),1) -> #VALUE! | G37: =INDEX(LINEST([0]!y_s8_c7,[0]!x_s8_c7^{1,2}),1,2) -> #VALUE! | J37: =INDEX(LINEST([0]!y_s8_c4,[0]!x_s8_c4^{1,2}),1) -> #VALUE! | K37: =INDEX(LINEST([0]!y_s8_c4,[0]!x_s8_c4^{1,2}),1,2) -> #VALUE! | N37: =INDEX(LINEST([0]!y_s8_c1,[0]!x_s8_c1^{1,2}),1) -> #VALUE! | O37: =INDEX(LINEST([0]!y_s8_c1,[0]!x_s8_c1^{1,2}),1,2) -> #VALUE!
A38: X Maxima | B38: =-C37/(2*B37) -> #VALUE! | E38: X Maxima | F38: =-G37/(2*F37) -> #VALUE! | I38: X Maxima | J38: =-K37/(2*J37) -> #VALUE! | M38: X Maxima | N38: =-O37/(2*N37) -> #VALUE!

Sheet averaged line fit
J1: Zero corrected
B2: X Avg | C2: Y | J2: X Avg | K2: Y
B3: =('Sensor 1'!R3+'Sensor 2'!R3+'Sensor 3'!R3+'Sensor 4'!R3+'Sensor 5'!R3+'Sensor 6'!R3+'Sensor 7'!R3+'Sensor 8'!R3)/8 -> #VALUE! | C3: -99 | J3: =B3-$C$18 -> #VALUE! | K3: -99
B4: =('Sensor 1'!R4+'Sensor 2'!R4+'Sensor 3'!R4+'Sensor 4'!R4+'Sensor 5'!R4+'Sensor 6'!R4+'Sensor 7'!R4+'Sensor 8'!R4)/8 -> #VALUE! | C4: -90 | J4: =B4-$B$14 -> #VALUE! | K4: -90
B5: =('Sensor 1'!R5+'Sensor 2'!R5+'Sensor 3'!R5+'Sensor 4'!R5+'Sensor 5'!R5+'Sensor 6'!R5+'Sensor 7'!R5+'Sensor 8'!R5)/8 -> #VALUE! | C5: -81 | J5: =B5-$B$14 -> #VALUE! | K5: -81
B6: =('Sensor 1'!R6+'Sensor 2'!R6+'Sensor 3'!R6+'Sensor 4'!R6+'Sensor 5'!R6+'Sensor 6'!R6+'Sensor 7'!R6+'Sensor 8'!R6)/8 -> #VALUE! | C6: -72 | J6: =B6-$B$14 -> #VALUE! | K6: -72
B7: =('Sensor 1'!R7+'Sensor 2'!R7+'Sensor 3'!R7+'Sensor 4'!R7+'Sensor 5'!R7+'Sensor 6'!R7+'Sensor 7'!R7+'Sensor 8'!R7)/8 -> #VALUE! | C7: -63 | J7: =B7-$B$14 -> #VALUE! | K7: -63
B8: =('Sensor 1'!R8+'Sensor 2'!R8+'Sensor 3'!R8+'Sensor 4'!R8+'Sensor 5'!R8+'Sensor 6'!R8+'Sensor 7'!R8+'Sensor 8'!R8)/8 -> #VALUE! | C8: -54 | J8: =B8-$B$14 -> #VALUE! | K8: -54
B9: =('Sensor 1'!R9+'Sensor 2'!R9+'Sensor 3'!R9+'Sensor 4'!R9+'Sensor 5'!R9+'Sensor 6'!R9+'Sensor 7'!R9+'Sensor 8'!R9)/8 -> #VALUE! | C9: -45 | J9: =B9-$B$14 -> #VALUE! | K9: -45
B10: =('Sensor 1'!R10+'Sensor 2'!R10+'Sensor 3'!R10+'Sensor 4'!R10+'Sensor 5'!R10+'Sensor 6'!R10+'Sensor 7'!R10+'Sensor 8'!R10)/8 -> #VALUE! | C10: -36 | J10: =B10-$B$14 -> #VALUE! | K10: -36
B11: =('Sensor 1'!R11+'Sensor 2'!R11+'Sensor 3'!R11+'Sensor 4'!R11+'Sensor 5'!R11+'Sensor 6'!R11+'Sensor 7'!R11+'Sensor 8'!R11)/8 -> #VALUE! | C11: -27 | J11: =B11-$B$14 -> #VALUE! | K11: -27
B12: =('Sensor 1'!R12+'Sensor 2'!R12+'Sensor 3'!R12+'Sensor 4'!R12+'Sensor 5'!R12+'Sensor 6'!R12+'Sensor 7'!R12+'Sensor 8'!R12)/8 -> #VALUE! | C12: -18 | J12: =B12-$B$14 -> #VALUE! | K12: -18
B13: =('Sensor 1'!R13+'Sensor 2'!R13+'Sensor 3'!R13+'Sensor 4'!R13+'Sensor 5'!R13+'Sensor 6'!R13+'Sensor 7'!R13+'Sensor 8'!R13)/8 -> #VALUE! | C13: -9 | J13: =B13-$B$14 -> #VALUE! | K13: -9
B14: =('Sensor 1'!R14+'Sensor 2'!R14+'Sensor 3'!R14+'Sensor 4'!R14+'Sensor 5'!R14+'Sensor 6'!R14+'Sensor 7'!R14+'Sensor 8'!R14)/8 -> #VALUE! | C14: 0 | J14: =B14-$B$14 -> #VALUE! | K14: 0
A16: avg x | B16: =AVERAGE(B3:B14) -> #VALUE!
B17: slope | C17: =SLOPE(B3:B14,C3:C14) -> #VALUE! | E17: atan | F17: =(180 * ATAN(C17) / PI()) -> #VALUE! | J17: slope | K17: =SLOPE(J3:J14,K3:K14) -> #VALUE!
B18: intercept | C18: =INTERCEPT(B3:B14,C3:C14) -> #VALUE! | J18: intercept | K18: =INTERCEPT(J3:J14,K3:K14) -> #VALUE!
C20: vs avg (90-atan) | D20: vs avg (90-atan) | F20: =('Sensor 1'!V17+'Sensor 2'!$V$17+'Sensor 3'!V17+'Sensor 4'!$V$17+'Sensor 5'!V17+'Sensor 6'!V17+'Sensor 7'!V17+'Sensor 8'!V17)/8 -> #VALUE!
